{
  "nineslice_size": [
    2,
    3.33333,
    2,
    3.33333
  ],
  "base_size": [
    6,
    10
  ]
}